entity,timestamp,value
sensor_A,0,99.279548
sensor_B,0,19.654193
sensor_C,0,-0.111316
sensor_D,0,55.615870
sensor_E,0,198.724117
sensor_A,1,92.513233
sensor_B,1,20.664637
sensor_C,1,-0.267337
sensor_D,1,48.264331
sensor_E,1,201.158848
sensor_A,2,101.161489
sensor_B,2,22.327117
sensor_C,2,0.656637
sensor_D,2,50.884057
sensor_E,2,192.616784
sensor_A,3,94.926688
sensor_B,3,20.492684
sensor_C,3,1.311081
sensor_D,3,50.333255
sensor_E,3,198.936767
sensor_A,4,102.658881
sensor_B,4,17.092909
sensor_C,4,-0.312277
sensor_D,4,53.922900
sensor_E,4,208.734044
sensor_A,5,98.796852
sensor_B,5,20.753200
sensor_C,5,0.248213
sensor_D,5,56.258614
sensor_E,5,188.867778
sensor_A,6,102.841253
sensor_B,6,16.970959
sensor_C,6,-2.619945
sensor_D,6,45.144874
sensor_E,6,190.841900
sensor_A,7,104.380061
sensor_B,7,21.328532
sensor_C,7,-1.219075
sensor_D,7,56.778891
sensor_E,7,189.977972
sensor_A,8,99.568781
sensor_B,8,19.412200
sensor_C,8,0.114420
sensor_D,8,56.549090
sensor_E,8,206.384138
sensor_A,9,101.749426
sensor_B,9,21.299896
sensor_C,9,0.478492
sensor_D,9,44.984116
sensor_E,9,192.826289
sensor_A,10,97.650159
sensor_B,10,20.998653
sensor_C,10,-0.250116
sensor_D,10,68.686034
sensor_E,10,191.807075
sensor_A,11,94.505627
sensor_B,11,21.536947
sensor_C,11,1.421850
sensor_D,11,54.045542
sensor_E,11,208.358173
sensor_A,12,107.131725
sensor_B,12,19.811945
sensor_C,12,-1.422959
sensor_D,12,45.743388
sensor_E,12,209.528958
sensor_A,13,92.781608
sensor_B,13,20.067063
sensor_C,13,0.253237
sensor_D,13,47.475263
sensor_E,13,207.236320
sensor_A,14,102.903899
sensor_B,14,24.642817
sensor_C,14,0.619968
sensor_D,14,45.124772
sensor_E,14,194.382024
sensor_A,15,95.842094
sensor_B,15,21.904547
sensor_C,15,-0.566833
sensor_D,15,49.437914
sensor_E,15,207.493026
sensor_A,16,96.382685
sensor_B,16,19.412684
sensor_C,16,-1.841286
sensor_D,16,41.340171
sensor_E,16,194.322636
sensor_A,17,102.078805
sensor_B,17,22.386987
sensor_C,17,-0.018467
sensor_D,17,52.090914
sensor_E,17,201.679694
sensor_A,18,105.423706
sensor_B,18,21.786710
sensor_C,18,0.273693
sensor_D,18,41.912446
sensor_E,18,209.033853
sensor_A,19,101.905236
sensor_B,19,22.453883
sensor_C,19,-0.029907
sensor_D,19,65.624807
sensor_E,19,196.411237
sensor_A,20,107.965302
sensor_B,20,20.230238
sensor_C,20,-0.516269
sensor_D,20,40.972417
sensor_E,20,198.489694
sensor_A,21,107.116605
sensor_B,21,21.632749
sensor_C,21,0.688884
sensor_D,21,30.993019
sensor_E,21,207.109642
sensor_A,22,102.779262
sensor_B,22,18.900147
sensor_C,22,-0.627384
sensor_D,22,49.981516
sensor_E,22,217.248763
sensor_A,23,94.724497
sensor_B,23,19.144390
sensor_C,23,1.361785
sensor_D,23,46.430794
sensor_E,23,196.357485
sensor_A,24,100.488882
sensor_B,24,17.517421
sensor_C,24,0.219945
sensor_D,24,40.323059
sensor_E,24,208.851983
sensor_A,25,70.000000
sensor_B,25,20.006362
sensor_C,25,-0.122139
sensor_D,25,52.585165
sensor_E,25,209.906197
sensor_A,26,102.956770
sensor_B,26,20.104142
sensor_C,26,-0.521650
sensor_D,26,48.466426
sensor_E,26,220.202673
sensor_A,27,92.154993
sensor_B,27,19.209075
sensor_C,27,1.448102
sensor_D,27,49.646815
sensor_E,27,205.169871
sensor_A,28,102.458292
sensor_B,28,20.175792
sensor_C,28,0.699825
sensor_D,28,52.292128
sensor_E,28,221.527952
sensor_A,29,100.559835
sensor_B,29,22.965537
sensor_C,29,1.195731
sensor_D,29,45.897131
sensor_E,29,202.297348
sensor_A,30,96.959949
sensor_B,30,18.010015
sensor_C,30,0.518218
sensor_D,30,53.623602
sensor_E,30,199.547854
sensor_A,31,102.440466
sensor_B,31,18.844926
sensor_C,31,-0.712667
sensor_D,31,53.047120
sensor_E,31,181.376970
sensor_A,32,103.476420
sensor_B,32,23.803178
sensor_C,32,-0.008573
sensor_D,32,52.804096
sensor_E,32,195.091525
sensor_A,33,98.587142
sensor_B,33,20.404983
sensor_C,33,-0.166997
sensor_D,33,63.943244
sensor_E,33,231.649421
sensor_A,34,95.651354
sensor_B,34,20.944977
sensor_C,34,0.693340
sensor_D,34,37.181994
sensor_E,34,195.649702
sensor_A,35,90.215306
sensor_B,35,19.929897
sensor_C,35,0.561687
sensor_D,35,52.474419
sensor_E,35,200.469159
sensor_A,36,102.515989
sensor_B,36,17.696116
sensor_C,36,-0.777782
sensor_D,36,31.501751
sensor_E,36,196.667220
sensor_A,37,100.356498
sensor_B,37,22.002568
sensor_C,37,-0.674393
sensor_D,37,62.218686
sensor_E,37,233.302689
sensor_A,38,99.838293
sensor_B,38,19.556229
sensor_C,38,2.316171
sensor_D,38,46.801229
sensor_E,38,204.283365
sensor_A,39,88.722192
sensor_B,39,16.187266
sensor_C,39,-6.000000
sensor_D,39,40.206099
sensor_E,39,179.769549
sensor_A,40,104.964968
sensor_B,40,21.581591
sensor_C,40,-0.136367
sensor_D,40,44.713309
sensor_E,40,178.342633
sensor_A,41,100.781630
sensor_B,41,18.572317
sensor_C,41,-6.000000
sensor_D,41,52.974431
sensor_E,41,199.302436
sensor_A,42,93.676172
sensor_B,42,32.000000
sensor_C,42,1.034029
sensor_D,42,44.296412
sensor_E,42,203.119607
sensor_A,43,102.093686
sensor_B,43,21.134747
sensor_C,43,-1.902728
sensor_D,43,50.011010
sensor_E,43,204.657648
sensor_A,44,94.208401
sensor_B,44,21.545248
sensor_C,44,1.803168
sensor_D,44,33.555707
sensor_E,44,216.136007
sensor_A,45,101.266747
sensor_B,45,21.287942
sensor_C,45,-1.891149
sensor_D,45,50.890364
sensor_E,45,195.348054
sensor_A,46,101.587026
sensor_B,46,23.628377
sensor_C,46,0.202002
sensor_D,46,98.000000
sensor_E,46,193.102978
sensor_A,47,103.958075
sensor_B,47,19.665786
sensor_C,47,1.230941
sensor_D,47,48.828174
sensor_E,47,206.164095
sensor_A,48,99.420104
sensor_B,48,21.659175
sensor_C,48,0.672384
sensor_D,48,42.479040
sensor_E,48,192.592632
sensor_A,49,99.766988
sensor_B,49,8.000000
sensor_C,49,1.570101
sensor_D,49,49.397213
sensor_E,49,185.115577
sensor_A,50,97.702861
sensor_B,50,18.463148
sensor_C,50,-0.159646
sensor_D,50,43.360559
sensor_E,50,193.153120
sensor_A,51,102.409237
sensor_B,51,22.799389
sensor_C,51,-0.550482
sensor_D,51,46.827681
sensor_E,51,260.000000
sensor_A,52,105.980436
sensor_B,52,18.739255
sensor_C,52,-0.923885
sensor_D,52,33.031743
sensor_E,52,203.607632
sensor_A,53,105.184636
sensor_B,53,21.222881
sensor_C,53,0.695151
sensor_D,53,37.871412
sensor_E,53,200.698775
sensor_A,54,101.055633
sensor_B,54,20.456126
sensor_C,54,-0.314992
sensor_D,54,54.225172
sensor_E,54,214.508095
sensor_A,55,99.706537
sensor_B,55,19.824778
sensor_C,55,0.824986
sensor_D,55,55.225647
sensor_E,55,196.810328
sensor_A,56,99.819284
sensor_B,56,16.537561
sensor_C,56,0.485768
sensor_D,56,33.833338
sensor_E,56,186.182314
sensor_A,57,98.862712
sensor_B,57,17.672974
sensor_C,57,1.317652
sensor_D,57,42.055157
sensor_E,57,200.247112
sensor_A,58,107.123450
sensor_B,58,18.879329
sensor_C,58,-0.572784
sensor_D,58,49.044872
sensor_E,58,208.696072
sensor_A,59,100.903802
sensor_B,59,23.056363
sensor_C,59,-1.045837
sensor_D,59,55.488417
sensor_E,59,180.983901
sensor_A,60,105.215935
sensor_B,60,22.117162
sensor_C,60,-1.334471
sensor_D,60,98.000000
sensor_E,60,214.987783
sensor_A,61,90.141912
sensor_B,61,17.393952
sensor_C,61,-0.388637
sensor_D,61,48.213979
sensor_E,61,200.952209
sensor_A,62,97.523431
sensor_B,62,20.679466
sensor_C,62,-0.168163
sensor_D,62,48.700287
sensor_E,62,214.140424
sensor_A,63,101.215740
sensor_B,63,21.855972
sensor_C,63,0.303357
sensor_D,63,50.550659
sensor_E,63,190.260816
sensor_A,64,99.970499
sensor_B,64,8.000000
sensor_C,64,0.413372
sensor_D,64,41.812189
sensor_E,64,185.886203
sensor_A,65,103.168539
sensor_B,65,32.000000
sensor_C,65,-0.207615
sensor_D,65,44.837296
sensor_E,65,197.256840
sensor_A,66,103.376086
sensor_B,66,22.377590
sensor_C,66,1.090905
sensor_D,66,31.240302
sensor_E,66,260.000000
sensor_A,67,104.853677
sensor_B,67,19.477686
sensor_C,67,-0.512120
sensor_D,67,39.534401
sensor_E,67,207.981663
sensor_A,68,94.528320
sensor_B,68,20.376114
sensor_C,68,-0.904221
sensor_D,68,42.695887
sensor_E,68,199.657891
sensor_A,69,110.028643
sensor_B,69,23.133417
sensor_C,69,-0.283422
sensor_D,69,41.750854
sensor_E,69,197.712979
sensor_A,70,109.014282
sensor_B,70,17.020782
sensor_C,70,0.638238
sensor_D,70,51.654716
sensor_E,70,196.278200
sensor_A,71,93.303459
sensor_B,71,20.603896
sensor_C,71,-6.000000
sensor_D,71,53.372611
sensor_E,71,217.376966
sensor_A,72,98.785984
sensor_B,72,8.000000
sensor_C,72,-0.766627
sensor_D,72,36.555241
sensor_E,72,201.208196
sensor_A,73,91.141443
sensor_B,73,20.204580
sensor_C,73,-0.305829
sensor_D,73,43.611864
sensor_E,73,189.669448
sensor_A,74,98.983627
sensor_B,74,19.535900
sensor_C,74,-0.760320
sensor_D,74,51.425002
sensor_E,74,204.721509
sensor_A,75,101.383697
sensor_B,75,21.282325
sensor_C,75,1.206421
sensor_D,75,48.571114
sensor_E,75,202.471182
sensor_A,76,103.373187
sensor_B,76,8.000000
sensor_C,76,1.253122
sensor_D,76,48.366642
sensor_E,76,207.871859
sensor_A,77,95.726605
sensor_B,77,17.884438
sensor_C,77,0.205939
sensor_D,77,58.500297
sensor_E,77,195.875040
sensor_A,78,106.295845
sensor_B,78,21.264917
sensor_C,78,-0.785599
sensor_D,78,47.381028
sensor_E,78,201.237447
sensor_A,79,93.200902
sensor_B,79,17.833327
sensor_C,79,-0.154685
sensor_D,79,56.816103
sensor_E,79,199.465639
sensor_A,80,99.244385
sensor_B,80,15.152533
sensor_C,80,-0.311895
sensor_D,80,46.044781
sensor_E,80,210.941518
sensor_A,81,100.091983
sensor_B,81,20.363891
sensor_C,81,1.556200
sensor_D,81,43.039147
sensor_E,81,179.036654
sensor_A,82,93.832452
sensor_B,82,16.047971
sensor_C,82,-1.311354
sensor_D,82,36.002861
sensor_E,82,204.321900
sensor_A,83,103.702799
sensor_B,83,19.752400
sensor_C,83,0.500259
sensor_D,83,58.820896
sensor_E,83,195.847524
sensor_A,84,105.152362
sensor_B,84,20.527240
sensor_C,84,2.147024
sensor_D,84,61.102290
sensor_E,84,237.520587
sensor_A,85,94.006714
sensor_B,85,23.253784
sensor_C,85,0.420240
sensor_D,85,54.375245
sensor_E,85,196.815170
sensor_A,86,97.815755
sensor_B,86,20.045463
sensor_C,86,-0.949947
sensor_D,86,36.148905
sensor_E,86,194.268437
sensor_A,87,111.704044
sensor_B,87,18.331428
sensor_C,87,0.243372
sensor_D,87,42.072874
sensor_E,87,206.809435
sensor_A,88,95.020694
sensor_B,88,19.453867
sensor_C,88,0.056717
sensor_D,88,38.798221
sensor_E,88,178.167642
sensor_A,89,96.512199
sensor_B,89,23.888330
sensor_C,89,1.858754
sensor_D,89,55.510256
sensor_E,89,210.612856
sensor_A,90,111.034647
sensor_B,90,19.785097
sensor_C,90,0.579702
sensor_D,90,41.826865
sensor_E,90,197.217364
sensor_A,91,109.384623
sensor_B,91,18.133776
sensor_C,91,-0.311408
sensor_D,91,61.603365
sensor_E,91,186.263636
sensor_A,92,89.960806
sensor_B,92,22.376826
sensor_C,92,-0.172535
sensor_D,92,56.594348
sensor_E,92,194.339837
sensor_A,93,100.184475
sensor_B,93,17.627654
sensor_C,93,-0.401273
sensor_D,93,54.651359
sensor_E,93,214.329301
sensor_A,94,100.238727
sensor_B,94,19.410161
sensor_C,94,0.371755
sensor_D,94,42.678468
sensor_E,94,211.610016
sensor_A,95,99.296954
sensor_B,95,16.593278
sensor_C,95,-1.083696
sensor_D,95,41.277248
sensor_E,95,198.206209
sensor_A,96,98.369274
sensor_B,96,19.043015
sensor_C,96,-0.811375
sensor_D,96,60.435515
sensor_E,96,211.876239
sensor_A,97,92.074724
sensor_B,97,19.340708
sensor_C,97,-1.655472
sensor_D,97,60.270841
sensor_E,97,205.886479
sensor_A,98,99.891626
sensor_B,98,17.866691
sensor_C,98,0.754038
sensor_D,98,43.781344
sensor_E,98,217.095001
sensor_A,99,102.541096
sensor_B,99,21.501831
sensor_C,99,0.975264
sensor_D,99,51.563536
sensor_E,99,203.554211
sensor_A,100,100.636046
sensor_B,100,24.410708
sensor_C,100,-0.019187
sensor_D,100,2.000000
sensor_E,100,207.676270
sensor_A,101,102.950494
sensor_B,101,21.808433
sensor_C,101,-0.675247
sensor_D,101,43.558086
sensor_E,101,203.091530
sensor_A,102,104.678924
sensor_B,102,17.646887
sensor_C,102,-0.571106
sensor_D,102,61.610371
sensor_E,102,197.975836
sensor_A,103,96.756917
sensor_B,103,16.960471
sensor_C,103,-2.165195
sensor_D,103,50.356235
sensor_E,103,192.710086
sensor_A,104,97.096160
sensor_B,104,18.599008
sensor_C,104,-1.435924
sensor_D,104,38.021770
sensor_E,104,184.403250
sensor_A,105,93.867648
sensor_B,105,20.956542
sensor_C,105,-0.463973
sensor_D,105,62.743036
sensor_E,105,174.139601
sensor_A,106,96.731328
sensor_B,106,20.746620
sensor_C,106,-0.674298
sensor_D,106,54.606425
sensor_E,106,184.463907
sensor_A,107,102.679604
sensor_B,107,19.745473
sensor_C,107,-0.450996
sensor_D,107,27.923940
sensor_E,107,188.239845
sensor_A,108,70.000000
sensor_B,108,22.641809
sensor_C,108,-0.621392
sensor_D,108,40.633826
sensor_E,108,205.671633
sensor_A,109,70.000000
sensor_B,109,20.918710
sensor_C,109,0.064667
sensor_D,109,52.844509
sensor_E,109,196.700503
sensor_A,110,104.849305
sensor_B,110,19.219562
sensor_C,110,1.097605
sensor_D,110,55.789482
sensor_E,110,208.277969
sensor_A,111,104.914240
sensor_B,111,19.305866
sensor_C,111,-0.392907
sensor_D,111,51.861995
sensor_E,111,202.460549
sensor_A,112,99.613223
sensor_B,112,23.745274
sensor_C,112,-0.601243
sensor_D,112,28.773986
sensor_E,112,192.388059
sensor_A,113,100.942439
sensor_B,113,20.948796
sensor_C,113,-0.746550
sensor_D,113,40.216888
sensor_E,113,140.000000
sensor_A,114,104.532623
sensor_B,114,21.834222
sensor_C,114,0.185511
sensor_D,114,55.379392
sensor_E,114,212.893853
sensor_A,115,70.000000
sensor_B,115,23.437036
sensor_C,115,-0.002546
sensor_D,115,54.954310
sensor_E,115,260.000000
sensor_A,116,100.335051
sensor_B,116,21.764039
sensor_C,116,-0.063564
sensor_D,116,40.236668
sensor_E,116,202.101512
sensor_A,117,94.092809
sensor_B,117,20.560857
sensor_C,117,-0.100134
sensor_D,117,41.225441
sensor_E,117,198.512667
sensor_A,118,94.976949
sensor_B,118,20.266892
sensor_C,118,0.329502
sensor_D,118,48.320174
sensor_E,118,207.346713
sensor_A,119,101.608333
sensor_B,119,17.057684
sensor_C,119,2.879012
sensor_D,119,47.116887
sensor_E,119,197.189024
sensor_A,120,95.009031
sensor_B,120,17.218661
sensor_C,120,-0.687180
sensor_D,120,51.727034
sensor_E,120,196.138202
sensor_A,121,101.125784
sensor_B,121,19.189633
sensor_C,121,0.408758
sensor_D,121,51.739513
sensor_E,121,196.147036
sensor_A,122,102.412471
sensor_B,122,17.639719
sensor_C,122,-0.245003
sensor_D,122,53.584125
sensor_E,122,200.035948
sensor_A,123,89.936091
sensor_B,123,18.496543
sensor_C,123,-0.549128
sensor_D,123,46.847185
sensor_E,123,194.062656
sensor_A,124,94.290797
sensor_B,124,22.507800
sensor_C,124,1.525193
sensor_D,124,32.083573
sensor_E,124,198.559999
sensor_A,125,99.098984
sensor_B,125,19.861970
sensor_C,125,0.627020
sensor_D,125,49.526402
sensor_E,125,200.935115
sensor_A,126,97.754347
sensor_B,126,20.645885
sensor_C,126,-0.017003
sensor_D,126,44.433284
sensor_E,126,189.048999
sensor_A,127,105.826919
sensor_B,127,20.566054
sensor_C,127,0.167279
sensor_D,127,47.068647
sensor_E,127,192.922373
sensor_A,128,96.267792
sensor_B,128,20.569005
sensor_C,128,-0.738256
sensor_D,128,52.783090
sensor_E,128,198.483251
sensor_A,129,98.677532
sensor_B,129,21.692025
sensor_C,129,0.040894
sensor_D,129,49.752620
sensor_E,129,140.000000
sensor_A,130,104.456461
sensor_B,130,19.323914
sensor_C,130,-1.128305
sensor_D,130,64.310694
sensor_E,130,208.704334
sensor_A,131,70.000000
sensor_B,131,17.679613
sensor_C,131,-0.598136
sensor_D,131,51.230889
sensor_E,131,201.359449
sensor_A,132,93.039630
sensor_B,132,17.446554
sensor_C,132,0.417727
sensor_D,132,45.048235
sensor_E,132,193.164047
sensor_A,133,102.624980
sensor_B,133,21.176151
sensor_C,133,1.040596
sensor_D,133,56.158824
sensor_E,133,194.833077
sensor_A,134,101.458753
sensor_B,134,18.652468
sensor_C,134,-1.352094
sensor_D,134,41.889285
sensor_E,134,201.670202
sensor_A,135,94.222881
sensor_B,135,15.689779
sensor_C,135,0.716664
sensor_D,135,38.661097
sensor_E,135,185.911292
sensor_A,136,104.912936
sensor_B,136,20.899024
sensor_C,136,1.116554
sensor_D,136,53.290384
sensor_E,136,217.685216
sensor_A,137,103.302672
sensor_B,137,21.697717
sensor_C,137,-1.090186
sensor_D,137,36.644338
sensor_E,137,194.070462
sensor_A,138,102.665955
sensor_B,138,17.297498
sensor_C,138,0.208512
sensor_D,138,52.322260
sensor_E,138,191.231431
sensor_A,139,106.589493
sensor_B,139,20.030426
sensor_C,139,1.073040
sensor_D,139,54.192119
sensor_E,139,208.115133
sensor_A,140,96.442280
sensor_B,140,22.294117
sensor_C,140,0.407920
sensor_D,140,51.434437
sensor_E,140,197.598070
sensor_A,141,92.789215
sensor_B,141,18.677434
sensor_C,141,1.144899
sensor_D,141,62.133668
sensor_E,141,196.878573
sensor_A,142,103.981391
sensor_B,142,19.346221
sensor_C,142,0.575847
sensor_D,142,39.012209
sensor_E,142,195.173696
sensor_A,143,94.383453
sensor_B,143,18.773378
sensor_C,143,0.724264
sensor_D,143,58.738737
sensor_E,143,196.272975
sensor_A,144,108.533693
sensor_B,144,21.798157
sensor_C,144,1.057265
sensor_D,144,35.722639
sensor_E,144,200.542144
sensor_A,145,97.363724
sensor_B,145,21.679952
sensor_C,145,-1.497786
sensor_D,145,42.393578
sensor_E,145,203.926223
sensor_A,146,96.154175
sensor_B,146,20.562598
sensor_C,146,-0.840998
sensor_D,146,48.539948
sensor_E,146,204.881066
sensor_A,147,95.879986
sensor_B,147,18.419749
sensor_C,147,0.194003
sensor_D,147,64.411331
sensor_E,147,196.123802
sensor_A,148,99.999856
sensor_B,148,22.863469
sensor_C,148,1.545904
sensor_D,148,59.296491
sensor_E,148,200.657075
sensor_A,149,96.022670
sensor_B,149,15.530076
sensor_C,149,0.926203
sensor_D,149,48.910562
sensor_E,149,201.884666
sensor_A,150,101.440009
sensor_B,150,26.428782
sensor_C,150,-6.000000
sensor_D,150,41.672022
sensor_E,150,185.679342
sensor_A,151,103.707438
sensor_B,151,17.292880
sensor_C,151,-0.097311
sensor_D,151,50.260532
sensor_E,151,206.419697
sensor_A,152,94.569570
sensor_B,152,21.262554
sensor_C,152,0.530216
sensor_D,152,37.547869
sensor_E,152,208.579253
sensor_A,153,105.576849
sensor_B,153,8.000000
sensor_C,153,-0.756501
sensor_D,153,40.023795
sensor_E,153,205.941062
sensor_A,154,98.915965
sensor_B,154,19.273365
sensor_C,154,-1.173969
sensor_D,154,48.448338
sensor_E,154,191.295400
sensor_A,155,103.579685
sensor_B,155,19.991699
sensor_C,155,0.180925
sensor_D,155,48.796003
sensor_E,155,186.012667
sensor_A,156,99.253786
sensor_B,156,20.523159
sensor_C,156,0.788146
sensor_D,156,62.391743
sensor_E,156,187.640506
sensor_A,157,93.273710
sensor_B,157,18.391611
sensor_C,157,0.219028
sensor_D,157,67.978230
sensor_E,157,206.057791
sensor_A,158,96.317119
sensor_B,158,19.591706
sensor_C,158,-1.084918
sensor_D,158,60.907244
sensor_E,158,206.796497
sensor_A,159,103.375903
sensor_B,159,21.559763
sensor_C,159,-0.607788
sensor_D,159,31.825766
sensor_E,159,200.353540
sensor_A,160,99.709042
sensor_B,160,19.197390
sensor_C,160,-0.844591
sensor_D,160,48.015131
sensor_E,160,195.278048
sensor_A,161,106.369389
sensor_B,161,19.649531
sensor_C,161,0.236325
sensor_D,161,56.409265
sensor_E,161,199.906900
sensor_A,162,106.345874
sensor_B,162,21.294181
sensor_C,162,-1.060411
sensor_D,162,32.144039
sensor_E,162,200.520256
sensor_A,163,98.694903
sensor_B,163,18.688268
sensor_C,163,0.731533
sensor_D,163,41.590960
sensor_E,163,177.999826
sensor_A,164,94.510891
sensor_B,164,18.899936
sensor_C,164,0.001197
sensor_D,164,53.925962
sensor_E,164,190.260572
sensor_A,165,104.186330
sensor_B,165,13.674808
sensor_C,165,1.110109
sensor_D,165,45.913959
sensor_E,165,200.282689
sensor_A,166,104.363690
sensor_B,166,18.709568
sensor_C,166,0.495637
sensor_D,166,44.206447
sensor_E,166,179.666573
sensor_A,167,97.241254
sensor_B,167,22.557957
sensor_C,167,-0.628315
sensor_D,167,53.875026
sensor_E,167,204.627280
sensor_A,168,106.267618
sensor_B,168,20.417838
sensor_C,168,-1.304135
sensor_D,168,46.490321
sensor_E,168,215.930654
sensor_A,169,99.979733
sensor_B,169,20.348121
sensor_C,169,-0.350609
sensor_D,169,38.513222
sensor_E,169,204.667895
sensor_A,170,101.350471
sensor_B,170,17.193431
sensor_C,170,-2.004056
sensor_D,170,57.224588
sensor_E,170,203.433284
sensor_A,171,102.459428
sensor_B,171,17.300952
sensor_C,171,1.958563
sensor_D,171,49.956799
sensor_E,171,214.198590
sensor_A,172,97.988113
sensor_B,172,22.334946
sensor_C,172,0.540215
sensor_D,172,48.339186
sensor_E,172,184.817436
sensor_A,173,94.100979
sensor_B,173,20.600430
sensor_C,173,0.054095
sensor_D,173,42.052891
sensor_E,173,186.121020
sensor_A,174,92.976942
sensor_B,174,20.034632
sensor_C,174,-1.796928
sensor_D,174,51.546407
sensor_E,174,203.152130
sensor_A,175,100.777923
sensor_B,175,20.778337
sensor_C,175,1.309470
sensor_D,175,48.425461
sensor_E,175,180.239876
sensor_A,176,95.588245
sensor_B,176,21.866481
sensor_C,176,-0.082701
sensor_D,176,56.002574
sensor_E,176,189.679566
sensor_A,177,104.598565
sensor_B,177,20.957340
sensor_C,177,0.751126
sensor_D,177,50.773744
sensor_E,177,188.295240
sensor_A,178,99.610644
sensor_B,178,20.404150
sensor_C,178,0.680876
sensor_D,178,48.842917
sensor_E,178,179.322717
sensor_A,179,100.331784
sensor_B,179,16.226017
sensor_C,179,-0.442891
sensor_D,179,48.085541
sensor_E,179,183.179282
sensor_A,180,97.025583
sensor_B,180,19.437564
sensor_C,180,-1.699767
sensor_D,180,49.636323
sensor_E,180,197.869916
sensor_A,181,97.721877
sensor_B,181,20.506684
sensor_C,181,-0.874116
sensor_D,181,53.002802
sensor_E,181,211.323575
sensor_A,182,102.932567
sensor_B,182,21.365364
sensor_C,182,-0.945369
sensor_D,182,44.037038
sensor_E,182,215.965773
sensor_A,183,113.027263
sensor_B,183,18.061036
sensor_C,183,1.607481
sensor_D,183,45.471496
sensor_E,183,217.499953
sensor_A,184,106.566765
sensor_B,184,19.666460
sensor_C,184,-0.088208
sensor_D,184,48.279784
sensor_E,184,203.551664
sensor_A,185,91.533120
sensor_B,185,18.941636
sensor_C,185,-0.306366
sensor_D,185,52.452106
sensor_E,185,195.247520
sensor_A,186,102.286002
sensor_B,186,32.000000
sensor_C,186,-0.154275
sensor_D,186,38.316196
sensor_E,186,209.219951
sensor_A,187,99.840646
sensor_B,187,19.285592
sensor_C,187,-0.669296
sensor_D,187,60.500452
sensor_E,187,210.235923
sensor_A,188,109.767189
sensor_B,188,20.440083
sensor_C,188,-1.582444
sensor_D,188,45.973464
sensor_E,188,195.832118
sensor_A,189,102.112381
sensor_B,189,25.306125
sensor_C,189,0.414412
sensor_D,189,62.052534
sensor_E,189,216.290728
sensor_A,190,96.395936
sensor_B,190,19.130441
sensor_C,190,-0.875244
sensor_D,190,63.872745
sensor_E,190,194.915747
sensor_A,191,98.969904
sensor_B,191,18.202264
sensor_C,191,-0.666114
sensor_D,191,50.704542
sensor_E,191,198.196882
sensor_A,192,97.436791
sensor_B,192,20.141042
sensor_C,192,1.487060
sensor_D,192,57.816397
sensor_E,192,203.344579
sensor_A,193,100.066309
sensor_B,193,19.797872
sensor_C,193,-1.949589
sensor_D,193,60.328452
sensor_E,193,208.048778
sensor_A,194,112.243237
sensor_B,194,20.725010
sensor_C,194,-0.236699
sensor_D,194,46.840700
sensor_E,194,176.842244
sensor_A,195,102.296221
sensor_B,195,19.161546
sensor_C,195,-0.933059
sensor_D,195,55.641644
sensor_E,195,218.292149
sensor_A,196,70.000000
sensor_B,196,18.165941
sensor_C,196,-0.647723
sensor_D,196,73.485612
sensor_E,196,218.079031
sensor_A,197,96.326084
sensor_B,197,20.904973
sensor_C,197,0.387182
sensor_D,197,55.099403
sensor_E,197,215.039906
sensor_A,198,100.142087
sensor_B,198,18.758813
sensor_C,198,0.559733
sensor_D,198,41.476830
sensor_E,198,202.193311
sensor_A,199,102.524694
sensor_B,199,19.900747
sensor_C,199,0.731204
sensor_D,199,45.890739
sensor_E,199,140.000000
sensor_A,200,107.587462
sensor_B,200,21.261122
sensor_C,200,0.579038
sensor_D,200,59.863173
sensor_E,200,190.451352
sensor_A,201,103.613765
sensor_B,201,19.158930
sensor_C,201,0.385233
sensor_D,201,53.432953
sensor_E,201,189.100132
sensor_A,202,103.184120
sensor_B,202,19.278405
sensor_C,202,-0.602229
sensor_D,202,52.310533
sensor_E,202,197.043343
sensor_A,203,105.683517
sensor_B,203,21.214752
sensor_C,203,-1.303275
sensor_D,203,49.640402
sensor_E,203,195.069236
sensor_A,204,99.683173
sensor_B,204,22.010478
sensor_C,204,0.646318
sensor_D,204,41.192321
sensor_E,204,199.081453
sensor_A,205,102.805480
sensor_B,205,16.996888
sensor_C,205,-0.034638
sensor_D,205,39.490497
sensor_E,205,229.514643
sensor_A,206,106.250002
sensor_B,206,20.464591
sensor_C,206,-0.102652
sensor_D,206,52.198860
sensor_E,206,172.452932
sensor_A,207,104.904451
sensor_B,207,19.911890
sensor_C,207,-1.075786
sensor_D,207,58.536756
sensor_E,207,194.733286
sensor_A,208,96.200879
sensor_B,208,16.826162
sensor_C,208,-0.290776
sensor_D,208,98.000000
sensor_E,208,194.201966
sensor_A,209,94.440532
sensor_B,209,20.028820
sensor_C,209,0.921725
sensor_D,209,49.388163
sensor_E,209,195.166562
sensor_A,210,101.044540
sensor_B,210,32.000000
sensor_C,210,-2.064097
sensor_D,210,39.809951
sensor_E,210,191.013786
sensor_A,211,97.013684
sensor_B,211,20.842161
sensor_C,211,1.110351
sensor_D,211,53.289350
sensor_E,211,198.984513
sensor_A,212,95.647440
sensor_B,212,19.271830
sensor_C,212,0.765401
sensor_D,212,51.223814
sensor_E,212,208.314925
sensor_A,213,108.014413
sensor_B,213,16.978723
sensor_C,213,-2.677034
sensor_D,213,50.589426
sensor_E,213,201.954422
sensor_A,214,95.729729
sensor_B,214,17.608448
sensor_C,214,1.174033
sensor_D,214,46.068146
sensor_E,214,214.891447
sensor_A,215,87.888017
sensor_B,215,17.997287
sensor_C,215,0.030245
sensor_D,215,55.388768
sensor_E,215,202.524615
sensor_A,216,98.195095
sensor_B,216,19.653582
sensor_C,216,1.486507
sensor_D,216,55.132813
sensor_E,216,215.674078
sensor_A,217,89.994400
sensor_B,217,20.521085
sensor_C,217,2.341604
sensor_D,217,51.810410
sensor_E,217,211.417957
sensor_A,218,99.984648
sensor_B,218,21.252365
sensor_C,218,2.130981
sensor_D,218,42.768752
sensor_E,218,208.417792
sensor_A,219,94.155060
sensor_B,219,19.811318
sensor_C,219,-1.878532
sensor_D,219,52.916692
sensor_E,219,188.976197
sensor_A,220,103.309939
sensor_B,220,19.683897
sensor_C,220,2.331165
sensor_D,220,54.119084
sensor_E,220,207.317418
sensor_A,221,92.709408
sensor_B,221,20.012799
sensor_C,221,1.133250
sensor_D,221,31.223578
sensor_E,221,208.748974
sensor_A,222,107.752107
sensor_B,222,15.550892
sensor_C,222,0.163600
sensor_D,222,51.957373
sensor_E,222,200.946246
sensor_A,223,95.821318
sensor_B,223,17.038740
sensor_C,223,0.182419
sensor_D,223,2.000000
sensor_E,223,215.566138
sensor_A,224,96.541985
sensor_B,224,17.601152
sensor_C,224,1.265530
sensor_D,224,2.000000
sensor_E,224,200.526088
sensor_A,225,109.105223
sensor_B,225,20.393814
sensor_C,225,0.401358
sensor_D,225,47.955906
sensor_E,225,204.362762
sensor_A,226,105.711138
sensor_B,226,18.458903
sensor_C,226,0.583127
sensor_D,226,55.713547
sensor_E,226,199.561165
sensor_A,227,94.380175
sensor_B,227,16.748140
sensor_C,227,-0.920662
sensor_D,227,56.980844
sensor_E,227,260.000000
sensor_A,228,91.985880
sensor_B,228,21.413360
sensor_C,228,1.012146
sensor_D,228,55.529780
sensor_E,228,214.129766
sensor_A,229,92.295996
sensor_B,229,24.070570
sensor_C,229,1.026550
sensor_D,229,67.997292
sensor_E,229,204.718084
sensor_A,230,92.865459
sensor_B,230,18.262600
sensor_C,230,0.527211
sensor_D,230,52.214101
sensor_E,230,183.660308
sensor_A,231,106.831929
sensor_B,231,23.810428
sensor_C,231,2.301553
sensor_D,231,52.623409
sensor_E,231,199.466314
sensor_A,232,95.386610
sensor_B,232,22.884018
sensor_C,232,0.036164
sensor_D,232,48.059462
sensor_E,232,190.638031
sensor_A,233,100.276688
sensor_B,233,18.742914
sensor_C,233,-1.329101
sensor_D,233,53.759469
sensor_E,233,184.912041
sensor_A,234,98.309681
sensor_B,234,17.246518
sensor_C,234,0.080035
sensor_D,234,50.506721
sensor_E,234,199.339494
sensor_A,235,102.645435
sensor_B,235,18.071881
sensor_C,235,6.000000
sensor_D,235,47.237561
sensor_E,235,195.553199
sensor_A,236,104.402555
sensor_B,236,23.707529
sensor_C,236,1.091595
sensor_D,236,45.613001
sensor_E,236,197.336554
sensor_A,237,98.159457
sensor_B,237,22.212215
sensor_C,237,-1.012213
sensor_D,237,54.378990
sensor_E,237,200.300071
sensor_A,238,107.001674
sensor_B,238,21.334112
sensor_C,238,0.530791
sensor_D,238,39.482351
sensor_E,238,187.624179
sensor_A,239,103.961321
sensor_B,239,16.368178
sensor_C,239,-1.042106
sensor_D,239,67.526200
sensor_E,239,225.675254
sensor_A,240,97.094403
sensor_B,240,17.384658
sensor_C,240,0.073966
sensor_D,240,53.243127
sensor_E,240,190.868201
sensor_A,241,94.744980
sensor_B,241,18.624394
sensor_C,241,1.064667
sensor_D,241,47.409258
sensor_E,241,196.054611
sensor_A,242,107.424758
sensor_B,242,18.020585
sensor_C,242,0.635601
sensor_D,242,43.116063
sensor_E,242,186.689309
sensor_A,243,105.701889
sensor_B,243,19.866584
sensor_C,243,1.346147
sensor_D,243,44.114105
sensor_E,243,186.500902
sensor_A,244,108.208089
sensor_B,244,22.947043
sensor_C,244,0.871213
sensor_D,244,48.548027
sensor_E,244,197.598448
sensor_A,245,93.250151
sensor_B,245,21.971546
sensor_C,245,0.772125
sensor_D,245,50.409973
sensor_E,245,188.553220
sensor_A,246,96.829225
sensor_B,246,20.372967
sensor_C,246,-1.319679
sensor_D,246,53.714943
sensor_E,246,200.722412
sensor_A,247,108.861558
sensor_B,247,23.167585
sensor_C,247,-0.654192
sensor_D,247,51.508629
sensor_E,247,185.703071
sensor_A,248,102.926009
sensor_B,248,20.365148
sensor_C,248,-0.459559
sensor_D,248,47.881181
sensor_E,248,194.624557
sensor_A,249,101.350094
sensor_B,249,21.050942
sensor_C,249,0.115930
sensor_D,249,58.099807
sensor_E,249,197.783761
sensor_A,250,100.503402
sensor_B,250,18.339126
sensor_C,250,-0.543281
sensor_D,250,50.212599
sensor_E,250,181.813659
sensor_A,251,102.231144
sensor_B,251,19.073006
sensor_C,251,-0.154504
sensor_D,251,65.892395
sensor_E,251,188.726264
sensor_A,252,96.066277
sensor_B,252,21.565684
sensor_C,252,-1.143894
sensor_D,252,46.755795
sensor_E,252,213.198094
sensor_A,253,103.150530
sensor_B,253,21.151950
sensor_C,253,-1.038454
sensor_D,253,49.434086
sensor_E,253,205.580579
sensor_A,254,106.532683
sensor_B,254,22.544774
sensor_C,254,-0.000803
sensor_D,254,46.541790
sensor_E,254,210.062080
sensor_A,255,102.704348
sensor_B,255,20.065215
sensor_C,255,-1.168195
sensor_D,255,49.680556
sensor_E,255,206.199686
sensor_A,256,95.108082
sensor_B,256,20.115394
sensor_C,256,-0.829185
sensor_D,256,54.348187
sensor_E,256,209.628387
sensor_A,257,97.667659
sensor_B,257,19.698644
sensor_C,257,0.424845
sensor_D,257,43.147779
sensor_E,257,197.564917
sensor_A,258,93.832389
sensor_B,258,21.608764
sensor_C,258,-1.461626
sensor_D,258,42.959599
sensor_E,258,202.875828
sensor_A,259,108.638036
sensor_B,259,19.868760
sensor_C,259,-0.791021
sensor_D,259,46.098872
sensor_E,259,202.758395
sensor_A,260,102.365270
sensor_B,260,21.731308
sensor_C,260,0.338703
sensor_D,260,44.426689
sensor_E,260,213.963575
sensor_A,261,109.132760
sensor_B,261,15.470405
sensor_C,261,1.707387
sensor_D,261,46.745421
sensor_E,261,203.495055
sensor_A,262,98.068491
sensor_B,262,19.097936
sensor_C,262,-1.822828
sensor_D,262,39.522648
sensor_E,262,200.868701
sensor_A,263,93.234352
sensor_B,263,20.842024
sensor_C,263,-0.803635
sensor_D,263,49.367261
sensor_E,263,208.472950
sensor_A,264,70.000000
sensor_B,264,19.452384
sensor_C,264,-1.427152
sensor_D,264,53.050322
sensor_E,264,193.153581
sensor_A,265,99.247809
sensor_B,265,19.563672
sensor_C,265,1.864652
sensor_D,265,41.564056
sensor_E,265,195.346678
sensor_A,266,102.184947
sensor_B,266,20.274346
sensor_C,266,1.402913
sensor_D,266,61.116231
sensor_E,266,140.000000
sensor_A,267,98.999117
sensor_B,267,19.014391
sensor_C,267,0.729853
sensor_D,267,47.373626
sensor_E,267,185.005033
sensor_A,268,107.800909
sensor_B,268,18.940205
sensor_C,268,1.457201
sensor_D,268,49.893012
sensor_E,268,199.553353
sensor_A,269,101.124920
sensor_B,269,8.000000
sensor_C,269,1.492696
sensor_D,269,46.237661
sensor_E,269,202.497114
sensor_A,270,99.719734
sensor_B,270,19.077005
sensor_C,270,1.122226
sensor_D,270,60.462217
sensor_E,270,205.546942
sensor_A,271,99.876893
sensor_B,271,8.000000
sensor_C,271,-0.242405
sensor_D,271,38.916627
sensor_E,271,192.304610
sensor_A,272,90.862850
sensor_B,272,20.041014
sensor_C,272,-1.334428
sensor_D,272,48.268736
sensor_E,272,205.043992
sensor_A,273,93.608670
sensor_B,273,19.108581
sensor_C,273,-0.709020
sensor_D,273,35.547604
sensor_E,273,188.137851
sensor_A,274,99.335804
sensor_B,274,24.023943
sensor_C,274,0.718207
sensor_D,274,57.148795
sensor_E,274,207.655751
sensor_A,275,114.576112
sensor_B,275,19.177565
sensor_C,275,0.831397
sensor_D,275,42.043318
sensor_E,275,201.985324
sensor_A,276,87.611896
sensor_B,276,32.000000
sensor_C,276,0.342197
sensor_D,276,50.699716
sensor_E,276,191.851003
sensor_A,277,95.738448
sensor_B,277,22.155168
sensor_C,277,0.613995
sensor_D,277,46.481003
sensor_E,277,211.128983
sensor_A,278,95.152112
sensor_B,278,19.548728
sensor_C,278,-0.155260
sensor_D,278,47.314352
sensor_E,278,201.967698
sensor_A,279,98.580652
sensor_B,279,17.376517
sensor_C,279,0.395692
sensor_D,279,49.763293
sensor_E,279,194.964866
sensor_A,280,106.372284
sensor_B,280,24.238710
sensor_C,280,-0.110405
sensor_D,280,45.245784
sensor_E,280,197.546564
sensor_A,281,110.356411
sensor_B,281,8.000000
sensor_C,281,1.453133
sensor_D,281,54.933090
sensor_E,281,190.922279
sensor_A,282,101.312547
sensor_B,282,18.965589
sensor_C,282,0.567056
sensor_D,282,49.019435
sensor_E,282,192.903762
sensor_A,283,102.439594
sensor_B,283,18.863651
sensor_C,283,1.358802
sensor_D,283,64.978597
sensor_E,283,214.085931
sensor_A,284,95.771699
sensor_B,284,17.239349
sensor_C,284,0.801680
sensor_D,284,43.412567
sensor_E,284,208.464274
sensor_A,285,104.726406
sensor_B,285,14.679428
sensor_C,285,-0.794999
sensor_D,285,51.417675
sensor_E,285,198.804735
sensor_A,286,99.792900
sensor_B,286,19.072100
sensor_C,286,1.316918
sensor_D,286,36.243130
sensor_E,286,200.717770
sensor_A,287,100.246783
sensor_B,287,32.000000
sensor_C,287,-0.748315
sensor_D,287,58.742001
sensor_E,287,182.678709
sensor_A,288,70.000000
sensor_B,288,19.866308
sensor_C,288,-0.463732
sensor_D,288,47.191807
sensor_E,288,200.175954
sensor_A,289,109.401851
sensor_B,289,22.488197
sensor_C,289,-0.293435
sensor_D,289,42.642203
sensor_E,289,204.416981
sensor_A,290,101.512622
sensor_B,290,18.054017
sensor_C,290,-0.441685
sensor_D,290,49.519801
sensor_E,290,208.678110
sensor_A,291,99.597935
sensor_B,291,18.257411
sensor_C,291,0.509415
sensor_D,291,63.310277
sensor_E,291,205.740280
sensor_A,292,104.809930
sensor_B,292,21.330958
sensor_C,292,-0.150357
sensor_D,292,53.417360
sensor_E,292,204.007030
sensor_A,293,99.529984
sensor_B,293,19.457802
sensor_C,293,0.634697
sensor_D,293,53.276873
sensor_E,293,196.570835
sensor_A,294,96.517654
sensor_B,294,18.189893
sensor_C,294,0.620139
sensor_D,294,35.968273
sensor_E,294,204.264174
sensor_A,295,70.000000
sensor_B,295,22.538415
sensor_C,295,1.363799
sensor_D,295,43.504319
sensor_E,295,189.574942
sensor_A,296,101.808337
sensor_B,296,20.099703
sensor_C,296,1.497515
sensor_D,296,62.564965
sensor_E,296,210.720155
sensor_A,297,101.473460
sensor_B,297,20.872870
sensor_C,297,-6.000000
sensor_D,297,42.779700
sensor_E,297,203.117330
sensor_A,298,103.739742
sensor_B,298,18.899634
sensor_C,298,-0.511325
sensor_D,298,47.304856
sensor_E,298,198.889229
sensor_A,299,103.244905
sensor_B,299,23.948891
sensor_C,299,0.573023
sensor_D,299,36.519024
sensor_E,299,192.060021
sensor_A,300,104.853773
sensor_B,300,18.017002
sensor_C,300,-0.014911
sensor_D,300,53.290622
sensor_E,300,220.863892
sensor_A,301,106.130592
sensor_B,301,19.869393
sensor_C,301,0.453243
sensor_D,301,49.401858
sensor_E,301,209.031514
sensor_A,302,89.791659
sensor_B,302,20.739605
sensor_C,302,1.900374
sensor_D,302,58.216645
sensor_E,302,183.639627
sensor_A,303,102.674829
sensor_B,303,17.097590
sensor_C,303,-6.000000
sensor_D,303,40.516007
sensor_E,303,194.992662
sensor_A,304,104.283948
sensor_B,304,18.423482
sensor_C,304,0.613791
sensor_D,304,53.127337
sensor_E,304,222.359449
sensor_A,305,100.048012
sensor_B,305,19.075686
sensor_C,305,-2.192628
sensor_D,305,60.532825
sensor_E,305,201.824278
sensor_A,306,105.655954
sensor_B,306,16.736738
sensor_C,306,0.937432
sensor_D,306,47.135091
sensor_E,306,203.831550
sensor_A,307,102.213395
sensor_B,307,22.806824
sensor_C,307,-0.354118
sensor_D,307,43.613425
sensor_E,307,178.439672
sensor_A,308,97.367596
sensor_B,308,19.341473
sensor_C,308,1.125392
sensor_D,308,59.272821
sensor_E,308,175.032185
sensor_A,309,110.117745
sensor_B,309,16.394170
sensor_C,309,-1.351696
sensor_D,309,32.777037
sensor_E,309,190.595196
sensor_A,310,101.070786
sensor_B,310,25.667994
sensor_C,310,1.333294
sensor_D,310,56.649906
sensor_E,310,192.586503
sensor_A,311,101.291786
sensor_B,311,19.960004
sensor_C,311,6.000000
sensor_D,311,53.822091
sensor_E,311,208.722168
sensor_A,312,96.133316
sensor_B,312,21.836884
sensor_C,312,0.679966
sensor_D,312,48.166420
sensor_E,312,194.499906
sensor_A,313,98.780292
sensor_B,313,21.682911
sensor_C,313,0.466881
sensor_D,313,56.804681
sensor_E,313,203.545826
sensor_A,314,98.679700
sensor_B,314,19.501084
sensor_C,314,0.027165
sensor_D,314,53.599257
sensor_E,314,196.266282
sensor_A,315,102.845854
sensor_B,315,22.874292
sensor_C,315,-0.077873
sensor_D,315,56.475451
sensor_E,315,182.773421
sensor_A,316,95.829285
sensor_B,316,18.499147
sensor_C,316,0.367011
sensor_D,316,50.568070
sensor_E,316,202.170324
sensor_A,317,108.385574
sensor_B,317,21.897500
sensor_C,317,-1.467518
sensor_D,317,50.805539
sensor_E,317,208.282408
sensor_A,318,109.550197
sensor_B,318,19.813325
sensor_C,318,1.114667
sensor_D,318,62.374156
sensor_E,318,206.309155
sensor_A,319,96.529819
sensor_B,319,22.076228
sensor_C,319,-1.809368
sensor_D,319,44.931887
sensor_E,319,180.415047
sensor_A,320,97.777866
sensor_B,320,19.197851
sensor_C,320,0.060267
sensor_D,320,32.816775
sensor_E,320,199.716376
sensor_A,321,98.157708
sensor_B,321,19.305606
sensor_C,321,2.663463
sensor_D,321,47.900427
sensor_E,321,173.568937
sensor_A,322,106.904519
sensor_B,322,17.357145
sensor_C,322,-1.358922
sensor_D,322,52.556823
sensor_E,322,198.087415
sensor_A,323,98.149550
sensor_B,323,21.427608
sensor_C,323,0.317992
sensor_D,323,39.118209
sensor_E,323,195.134908
sensor_A,324,101.450131
sensor_B,324,24.228012
sensor_C,324,-0.842377
sensor_D,324,47.772089
sensor_E,324,212.068994
sensor_A,325,95.722738
sensor_B,325,21.546157
sensor_C,325,-0.088619
sensor_D,325,54.401980
sensor_E,325,220.372259
sensor_A,326,102.532458
sensor_B,326,19.879725
sensor_C,326,-2.251405
sensor_D,326,2.000000
sensor_E,326,197.795487
sensor_A,327,105.710627
sensor_B,327,20.730107
sensor_C,327,-0.394167
sensor_D,327,52.906967
sensor_E,327,192.958732
sensor_A,328,101.309967
sensor_B,328,21.274876
sensor_C,328,0.119785
sensor_D,328,33.953453
sensor_E,328,204.673065
sensor_A,329,103.629773
sensor_B,329,22.444632
sensor_C,329,6.000000
sensor_D,329,36.768818
sensor_E,329,200.035365
sensor_A,330,105.520982
sensor_B,330,19.440928
sensor_C,330,1.841412
sensor_D,330,51.419400
sensor_E,330,201.749296
sensor_A,331,104.442667
sensor_B,331,23.632278
sensor_C,331,1.096594
sensor_D,331,64.522629
sensor_E,331,197.839193
sensor_A,332,104.823570
sensor_B,332,23.849853
sensor_C,332,-0.431318
sensor_D,332,49.017742
sensor_E,332,140.000000
sensor_A,333,105.095391
sensor_B,333,8.000000
sensor_C,333,-0.104929
sensor_D,333,49.380868
sensor_E,333,191.080282
sensor_A,334,112.276363
sensor_B,334,18.678260
sensor_C,334,0.648729
sensor_D,334,43.410680
sensor_E,334,183.267834
sensor_A,335,92.651227
sensor_B,335,19.786976
sensor_C,335,-0.823981
sensor_D,335,41.238602
sensor_E,335,227.475557
sensor_A,336,105.826061
sensor_B,336,19.779441
sensor_C,336,1.571988
sensor_D,336,58.013120
sensor_E,336,213.773519
sensor_A,337,102.187098
sensor_B,337,17.437648
sensor_C,337,-0.261953
sensor_D,337,38.511916
sensor_E,337,191.355380
sensor_A,338,102.427190
sensor_B,338,18.832680
sensor_C,338,-0.283854
sensor_D,338,36.306168
sensor_E,338,196.215017
sensor_A,339,90.348323
sensor_B,339,19.822436
sensor_C,339,0.190037
sensor_D,339,53.291565
sensor_E,339,206.081382
sensor_A,340,92.080296
sensor_B,340,19.556692
sensor_C,340,0.371420
sensor_D,340,45.052954
sensor_E,340,216.494837
sensor_A,341,97.332908
sensor_B,341,23.755506
sensor_C,341,-2.079447
sensor_D,341,40.361789
sensor_E,341,179.894590
sensor_A,342,99.969848
sensor_B,342,23.700815
sensor_C,342,0.653894
sensor_D,342,41.259920
sensor_E,342,207.011349
sensor_A,343,96.787582
sensor_B,343,22.899961
sensor_C,343,-0.424085
sensor_D,343,46.339854
sensor_E,343,260.000000
sensor_A,344,104.161404
sensor_B,344,22.965980
sensor_C,344,1.174777
sensor_D,344,55.803296
sensor_E,344,209.600188
sensor_A,345,98.937429
sensor_B,345,19.764722
sensor_C,345,0.120480
sensor_D,345,54.385439
sensor_E,345,213.993376
sensor_A,346,98.403781
sensor_B,346,18.276818
sensor_C,346,-0.513134
sensor_D,346,47.442685
sensor_E,346,195.906718
sensor_A,347,107.802438
sensor_B,347,25.009460
sensor_C,347,-2.126372
sensor_D,347,46.723616
sensor_E,347,204.998299
sensor_A,348,97.042468
sensor_B,348,20.821573
sensor_C,348,-0.133324
sensor_D,348,39.374978
sensor_E,348,198.385487
sensor_A,349,98.880936
sensor_B,349,19.383739
sensor_C,349,-0.068334
sensor_D,349,49.090179
sensor_E,349,198.358522
sensor_A,350,95.404433
sensor_B,350,21.720702
sensor_C,350,-0.476269
sensor_D,350,39.376688
sensor_E,350,195.854183
sensor_A,351,96.618133
sensor_B,351,20.457019
sensor_C,351,-0.411649
sensor_D,351,52.860008
sensor_E,351,203.112589
sensor_A,352,99.503753
sensor_B,352,22.425894
sensor_C,352,-0.079711
sensor_D,352,52.177005
sensor_E,352,208.180278
sensor_A,353,70.000000
sensor_B,353,19.269005
sensor_C,353,-0.276862
sensor_D,353,46.029119
sensor_E,353,199.235858
sensor_A,354,97.721011
sensor_B,354,21.671482
sensor_C,354,-0.059617
sensor_D,354,51.034173
sensor_E,354,202.525390
sensor_A,355,96.856034
sensor_B,355,23.024942
sensor_C,355,1.874063
sensor_D,355,54.446697
sensor_E,355,193.289232
sensor_A,356,104.186726
sensor_B,356,23.064953
sensor_C,356,1.012881
sensor_D,356,56.194344
sensor_E,356,198.131304
sensor_A,357,102.230978
sensor_B,357,17.247566
sensor_C,357,-0.115361
sensor_D,357,47.376234
sensor_E,357,188.450464
sensor_A,358,103.365047
sensor_B,358,20.818260
sensor_C,358,0.887626
sensor_D,358,2.000000
sensor_E,358,205.218307
sensor_A,359,99.560570
sensor_B,359,19.479287
sensor_C,359,0.162295
sensor_D,359,46.608885
sensor_E,359,185.556026
sensor_A,360,87.330127
sensor_B,360,17.806440
sensor_C,360,-1.536669
sensor_D,360,48.202837
sensor_E,360,200.082360
sensor_A,361,104.605600
sensor_B,361,21.356920
sensor_C,361,-1.083578
sensor_D,361,47.098021
sensor_E,361,195.419403
sensor_A,362,101.344987
sensor_B,362,19.422862
sensor_C,362,0.315803
sensor_D,362,49.520444
sensor_E,362,193.991032
sensor_A,363,102.089748
sensor_B,363,16.266119
sensor_C,363,0.631362
sensor_D,363,38.356125
sensor_E,363,200.240231
sensor_A,364,99.913750
sensor_B,364,19.987055
sensor_C,364,-0.624762
sensor_D,364,45.361361
sensor_E,364,188.393314
sensor_A,365,89.208141
sensor_B,365,20.372851
sensor_C,365,1.084990
sensor_D,365,38.460592
sensor_E,365,202.458297
sensor_A,366,100.207210
sensor_B,366,18.586225
sensor_C,366,0.810345
sensor_D,366,48.526691
sensor_E,366,205.742512
sensor_A,367,100.849421
sensor_B,367,19.830903
sensor_C,367,-0.468084
sensor_D,367,57.236397
sensor_E,367,195.758516
sensor_A,368,99.505339
sensor_B,368,19.065622
sensor_C,368,0.696351
sensor_D,368,40.904943
sensor_E,368,186.393970
sensor_A,369,89.506478
sensor_B,369,19.380320
sensor_C,369,-0.059841
sensor_D,369,40.521977
sensor_E,369,201.275442
sensor_A,370,92.869573
sensor_B,370,18.465575
sensor_C,370,-1.670690
sensor_D,370,40.219149
sensor_E,370,222.068183
sensor_A,371,98.570892
sensor_B,371,25.170630
sensor_C,371,-0.601923
sensor_D,371,39.405085
sensor_E,371,208.087645
sensor_A,372,97.020959
sensor_B,372,16.211928
sensor_C,372,-0.450464
sensor_D,372,46.035409
sensor_E,372,191.580210
sensor_A,373,106.170159
sensor_B,373,22.287345
sensor_C,373,-0.306499
sensor_D,373,55.579739
sensor_E,373,206.180636
sensor_A,374,97.414878
sensor_B,374,18.196157
sensor_C,374,-0.433940
sensor_D,374,65.116128
sensor_E,374,205.533708
sensor_A,375,100.443078
sensor_B,375,20.001377
sensor_C,375,-0.592397
sensor_D,375,56.525714
sensor_E,375,187.035365
sensor_A,376,108.982721
sensor_B,376,20.739535
sensor_C,376,-0.131989
sensor_D,376,34.029641
sensor_E,376,201.363747
sensor_A,377,108.730982
sensor_B,377,17.661332
sensor_C,377,-1.962953
sensor_D,377,56.847663
sensor_E,377,198.689616
sensor_A,378,130.000000
sensor_B,378,20.780247
sensor_C,378,-1.982439
sensor_D,378,46.750451
sensor_E,378,186.139382
sensor_A,379,93.111055
sensor_B,379,17.906938
sensor_C,379,0.667189
sensor_D,379,60.882395
sensor_E,379,190.305138
sensor_A,380,99.577195
sensor_B,380,21.812441
sensor_C,380,0.965835
sensor_D,380,48.837346
sensor_E,380,194.385232
sensor_A,381,111.018310
sensor_B,381,21.458262
sensor_C,381,-1.301708
sensor_D,381,50.618989
sensor_E,381,197.084923
sensor_A,382,103.208772
sensor_B,382,17.926981
sensor_C,382,-0.033489
sensor_D,382,50.997511
sensor_E,382,206.814735
sensor_A,383,101.646168
sensor_B,383,23.277531
sensor_C,383,1.258577
sensor_D,383,2.000000
sensor_E,383,174.787528
sensor_A,384,94.737132
sensor_B,384,18.174380
sensor_C,384,-0.959354
sensor_D,384,66.063689
sensor_E,384,192.105177
sensor_A,385,98.980201
sensor_B,385,17.452244
sensor_C,385,1.274550
sensor_D,385,54.199028
sensor_E,385,196.099261
sensor_A,386,106.205231
sensor_B,386,24.344896
sensor_C,386,6.000000
sensor_D,386,52.363332
sensor_E,386,180.208683
sensor_A,387,92.429788
sensor_B,387,19.267904
sensor_C,387,-1.434361
sensor_D,387,34.903189
sensor_E,387,191.314831
sensor_A,388,101.137548
sensor_B,388,20.700980
sensor_C,388,-1.228995
sensor_D,388,49.569415
sensor_E,388,209.895734
sensor_A,389,107.436921
sensor_B,389,20.316900
sensor_C,389,-1.236189
sensor_D,389,40.904288
sensor_E,389,220.597170
sensor_A,390,105.052403
sensor_B,390,19.730238
sensor_C,390,0.403438
sensor_D,390,40.700547
sensor_E,390,209.003502
sensor_A,391,103.260511
sensor_B,391,21.505473
sensor_C,391,0.540397
sensor_D,391,48.893883
sensor_E,391,204.512077
sensor_A,392,92.237782
sensor_B,392,17.597257
sensor_C,392,-0.419978
sensor_D,392,2.000000
sensor_E,392,208.056535
sensor_A,393,98.606078
sensor_B,393,18.852606
sensor_C,393,0.857412
sensor_D,393,52.999228
sensor_E,393,205.986581
sensor_A,394,103.748127
sensor_B,394,23.257939
sensor_C,394,2.929495
sensor_D,394,39.395181
sensor_E,394,199.056398
sensor_A,395,101.806752
sensor_B,395,18.213044
sensor_C,395,0.072067
sensor_D,395,58.995631
sensor_E,395,208.174500
sensor_A,396,93.409111
sensor_B,396,20.844789
sensor_C,396,-0.872560
sensor_D,396,46.950489
sensor_E,396,207.514450
sensor_A,397,100.114103
sensor_B,397,16.474674
sensor_C,397,0.748037
sensor_D,397,56.420005
sensor_E,397,192.260863
sensor_A,398,97.053510
sensor_B,398,19.603316
sensor_C,398,0.346658
sensor_D,398,46.591985
sensor_E,398,203.013909
sensor_A,399,98.693755
sensor_B,399,8.000000
sensor_C,399,-0.887267
sensor_D,399,45.987244
sensor_E,399,188.129488
